Lab_Number,General_Context,Associated_Feature_Type,Material,Quad,Distance_Band,Researcher,Age,Class,Reference,CRA,SD,
T-194,Orongo Complex B,Ceremonial,Wood charcoal,1,0-500,"Heyerdahl et al., 1956",470 ± 70,2b,Martinsson-Wallin and Crockford 2002:248,470,70,
K-506,Orongo Complex B,Ceremonial,Wood charcoal,1,0-500,"Heyerdahl et al., 1956",220 ± 100,2c,Martinsson-Wallin and Crockford 2002:248,220,100,
K-514,Orongo Complex B,Ceremonial,Wood charcoal,1,0-500,"Heyerdahl et al., 1956",380 ± 60,2c,Martinsson-Wallin and Crockford 2002:248,380,60,
K-520,Orongo Complex B,Ceremonial,Wood charcoal,1,0-500,"Heyerdahl et al., 1956",540 ± 100,2a,Martinsson-Wallin and Crockford 2002:248,540,100,
M-708,Orongo Complex B,Ceremonial,Wood charcoal,1,0-500,"Heyerdahl et al., 1956",100 ± 200,2c,Martinsson-Wallin and Crockford 2002:248,100,200,
T-193,Ahu at Orongo,Ceremonial,Wood charcoal,1,0-500,"Mulloy, 1960",540 ± 70,2b,Martinsson-Wallin and Crockford 2002:251,540,70,
WSU-1146,Site 1-187,Residential,Wood charcoal - identified,1,0-500,"McCoy, 1968",1180 ± 230,2b,McCoy 1973; Martinsson- Wallin and Crockford 2002:249,1180,230,
WSU-1147,Site 1-187,Residential,Wood charcoal,1,0-500,"McCoy, 1968",350 ± 220,3b,Martinsson-Wallin and Crockford 2002:249,350,220,
I-7516,Site 1-193,Residential,Wood charcoal,1,0-500,"Ayres, 1973",Modern,2b,Ayres 1975,Modern,,
Beta-099336,O97 Orongo,Residential,Wood charcoal,1,0-500,"Orliac, 1995",320 ± 70,2b,"Martinsson-Wallin and Crockford
2002:248, Orliac 1998",320,70,
Beta-099339,Orongo,Residential,Wood charcoal,1,0-500,"Orliac, 1995",250 ± 50,2b,Martinsson-Wallin and Crockford 2002:248,250,50,
Beta-099342,ORMNG Orongo,Residential,Wood charcoal,1,0-500,"Orliac, 1995",240 ± 60,2b,"Martinsson-Wallin and Crockford 2002:248, Orliac 1998",240,60,
Beta-099347,Orongo,Residential,Wood charcoal,1,0-500,"Orliac, 1995",210 ± 50,2b,Martinsson-Wallin and Crockford 2002:248,210,50,
Beta-099348,O97 Orongo,Residential,Wood charcoal,1,0-500,"Orliac, 1995",30 ± 80,2b,"Martinsson-Wallin and Crockford 2002:248, Orliac 1998",30,80,
Beta-099356,Orongo,Residential,Wood charcoal,1,0-500,"Orliac, 1995",200 ± 50,2b,Martinsson-Wallin and Crockford 2002:248,200,50,
K-523,Ahu Vinapu 1,Ceremonial,Wood charcoal,2,0-500,"Heyerdahl et al., 1956",440 ± 100,2c,Martinsson-Wallin and Crockford 2002:252,440,100,
M-709,Ahu Vinapu 1,Ceremonial,Wood charcoal,2,0-500,"Heyerdahl et al., 1957",120 ± 200,2b,Martinsson-Wallin and Crockford 2002:252,120,200,
M-710,Ahu Vinapu 2,Ceremonial,Wood charcoal,2,0-500,"Heyerdahl et al., 1957",1100 ± 200,2b,Martinsson-Wallin and Crockford 2002:252,1100,200,
M-711,Ahu Vinapu 1,Ceremonial,Bone - human,2,0-500,"Heyerdahl et al., 1958?",730 ± 200,3b,Martinsson-Wallin and Crockford 2002:252,730,200,
T-5175,Ahu Vinapu 2,Ceremonial,Wood charcoal and ash,2,0-500,"Martinsson-Wallin?, 1984",570 ± 120,3c,Martinsson-Wallin and Crockford 2002:252,570,120,
Ua-19463,Ahu Vinapu 2,Ceremonial,Carbonized nutshell,2,0-500,"Martinsson-Wallin, 2002",610 ± 40,1c,Martinsson-Wallin 2004:8,610,40,
Ua-19464 ,Ahu Vinapu 2,Ceremonial,Carbonized nutshell,2,0-500,"Martinsson-Wallin, 2002",605 ± 45,1c,Martinsson-Wallin 2004:8,605,45,
Beta-38785,Ana Kai Tangata,Residential,Wood charcoal,3,0-500,Cervellino 1990,290 ± 80,2c,Cervellino 1990,290,80,
"KIA-17116
","HK 7 IPC M. Orito 1
",Agricultural,Wood charcoal ,4,500-1000,"Stevenson et al., 2004","177 ± 18
",2b,"Bork et al., 2004:11; Stevenson et al., 2006:925",177,18,
KIA-17117,HK 6 IPC M. Orito 1,Agricultural,Wood charcoal ,4,500-1000,"Stevenson et al., 2004",148 ± 18,2b,"Bork et al., 2004:11; Stevenson et al., 2006:925",148,18,
KIA-17118,HK 8 IPC M. Orito 1,Agricultural,Wood charcoal,4,500-1000,"Stevenson et al., 2004",114 ± 21,2b,"Bork et al., 2004:11; Stevenson et al., 2006:925",114,21,
KIA-17120 ,M1 IPC M. Orito 1,Agricultural,Wood charcoal ,4,500-1000,"Stevenson et al., 2004",6607 ± 107,3c,"Stevenson et al., 2006:925",6607,107,
KIA-25975,Section D-Buried Aga-Horizon,Agricultural,Wood charcoal ,4,500-1000,"Stevenson et al., 2004",347 ± 21,2b,"Stevenson et al., 2006:925",347,21,
Beta-178860,Feature 101A,Agricultural,Wood charcoal,4,500-1000,"Stevenson et al., 2004",200 ± 50,2b,"Stevenson et al., 2006:925",200,50,
Beta-196925       ,Section D- Buried Aga-Horizon,Agricultural,Wood charcoal ,4,500-1000,"Stevenson et al., 2004",450 ± 40,2b,"Stevenson et al., 2006:925 ",450,40,
Beta-196926 ,Section D- Buried Aga-Horizon,Agricultural,Wood charcoal ,4,500-1000,"Stevenson et al., 2004",460 ± 40,2b,"Stevenson et al., 2006:925 ",460,40,
Gak-4503,Ahu Huri a Urenga,Ceremonial,Wood charcoal,5,1500-2000,"Mulloy, 1973",40 ± 70,3c,Martinsson-Wallin and Crockford 2002:250,40,70,
Gak-4506,Ahu Huri a Urenga,Ceremonial,Wood charcoal,5,1500-2000,"Mulloy, 1973",840 ± 90,3c,Martinsson-Wallin and Crockford 2002:250,840,90,
CRNS 1111a,Hanga te Pahu,Residential,Carbonized nutshell,5,0-500,"Orliac, 1988",640 ± 90,1b,Orliac 2003:189; Delhon and Orliac 2010:98,640,90,
CRNS 1111b,Hanga te Pahu,Residential,Carbonized nutshell,5,0-500,"Orliac, 1988",465 ± 85,1b,Orliac 2003:189; Delhon and Orliac 2010:98,465,85,
Beta-155732,Ahu o Tuki,Ceremonial,Carbonized nutshell,5,0-500,"Orliac and Orliac, 2001",610  ± 60,1c,Huyge and Cauwe 2005:8,610,60,
Beta-155733,Ahu o Tuki,Ceremonial,Carbonized nutshell,5,0-500,"Orliac and Orliac, 2001",595 ± 65,1c,Huyge and Cauwe 2005:8,595,65,
GrA-25870,Ahu o Tuki,Ceremonial,Carbonized nutshell,5,0-500,"Huyge and Cauwe, 2002",640 ± 35,1a,Huyge and Cauwe 2005:8,640,35,
GrA-25872,"Basalt workshop, Viro o Tuki",Manufacturing,Wood charcoal,5,0-500,"Huyge and Cauwe, 2002",410 ± 35,2b,Huyge and Cauwe 2005:8,410,35,
I-7517,"Site 7-1, Akahanga cave",Residential,Wood charcoal,7,0-500,"Ayres, 1973",220 ± 80,2b,Martinsson-Wallin and Crockford 2002:246; Ayres 1975:97,220,80,
Beta-50136,Site 7-553,Residential,Wood charcoal - unidentified,7,0-500,"Vargas et al., 1992", 270 ± 60 ,2b,"Vargas et al., 2006:268-9",270,60,
Beta-50137,Site 7-553,Residential,Wood charcoal - unidentified,7,0-500,"Vargas et al., 1992",Modern,2b,"Vargas et al., 2006:268-9",Modern,,
Beta-50138,Site 7-553,Residential,Wood charcoal - unidentified,7,0-500,"Vargas et al., 1992",440 ± 60,2b,"Vargas et al., 2006:268-9",440,60,
Beta-099330,Site AK 571 Akahanga settlement,Residential,Wood charcoal,7,0-500,"Orliac, 1995",220 ± 70,2b,"Martinsson-Wallin and Crockford 2002:248, Orliac and Orliac 1998",220,70,
Beta-099333,Site AK 551 Akahanga settlement,Residential,Wood charcoal,7,0-500,"Orliac, 1995",340 ± 60,2b,"Martinsson-Wallin and Crockford 2002:248, Orliac and Orliac 1998",340,60,
Beta-099334,Akahanga settlement,Residential,Wood charcoal,7,0-500,"Orliac, 1995",320 ± 60,2b,Martinsson-Wallin and Crockford 2002:246; Orliac and Orliac 1998,320,60,
Beta-099343,Site AK 551 Akahanga settlement,Residential,Wood charcoal,7,0-500,"Orliac, 1995",220 ± 70,2b,"Martinsson-Wallin and Crockford 2002:248, Orliac and Orliac 1998",220,70,
Beta-099351,Akahanga settlement,Residential,Wood charcoal,7,0-500,"Orliac, 1995",80 ± 50,2b,Martinsson-Wallin and Crockford 2002:246; Orliac and Orliac 1998,80,50,
Beta-099352,Akahanga settlement,Residential,Wood charcoal,7,0-500,"Orliac, 1995",10 ± 60,2b,Martinsson-Wallin and Crockford 2002:246; Orliac and Orliac 1998,10,60,
Beta-099353,Akahanga settlement,Residential,Wood charcoal,7,0-500,"Orliac, 1995",200 ± 50,2b,Martinsson-Wallin and Crockford 2002:246; Orliac and Orliac 1998,200,50,
Beta-099354,Site AK 571 Akahanga settlement,Residential,Wood charcoal,7,0-500,"Orliac, 1995",390 ± 110,2b,"Martinsson-Wallin and Crockford 2002:248, Orliac and Orliac 1998",390,110,
Gak-2862,Ahu Ko Te Riku,Ceremonial,Wood charcoal,8,0-500,"Ayres, 1970",910 ± 90,3c,Martinsson-Wallin and Crockford 2002:251,910,90,
Gak-2863,Ahu Ko Te Riku,Ceremonial,Wood charcoal,8,0-500,"Ayres, 1970",880 ± 70,3b,Martinsson-Wallin and Crockford 2002:251,880,70,
Gak-2864,Ahu Ko Te Riku,Ceremonial,Wood charcoal,8,0-500,"Ayres, 1970",1010 ± 90,3b,Martinsson-Wallin and Crockford 2002:251,1010,90,
Gak-2865,Ahu Ko Te Riku,Ceremonial,Wood charcoal,8,0-500,"Ayres, 1970",780 ± 90,3c,Martinsson-Wallin and Crockford 2002:251,780,90,
Gak-2866,Ahu Tahai,Ceremonial,Wood charcoal,8,0-500,"Ayres, 1970",1260 ± 130,3a,Martinsson-Wallin and Crockford 2002:251,1260,130,
Gak-2867,Ahu Tahai,Ceremonial,Bone - human,8,0-500,"Ayres, 1970",810 ± 80,3b,Martinsson-Wallin and Crockford 2002:252,810,80,
Gak-4504,Ahu Hanga Kio’e 1,Ceremonial,Wood charcoal,8,0-500,"Mulloy, 1973",180 ± 55,3c,Martinsson-Wallin and Crockford 2002:250,180,55,
Gak-4505,Ahu Hanga Kio’e 2,Ceremonial,Wood charcoal,8,0-500,"Mulloy, 1973",70 ± 80,3c,Martinsson-Wallin and Crockford 2002:250,70,80,
Gak-4507,Ahu Tahai,Ceremonial,Wood charcoal,8,0-500,"Ayres, 1973",200 ± 70,2c,Martinsson-Wallin and Crockford 2002:252,200,70,
SI-5460,Site 8-85,Residential,Wood charcoal - identified,8,0-500,"Cristino et al., 1976  ",580 ± 60,1a," Vargas Casanova et al., 2006:244-5",580,60,
Ua-13161 ,Ahu Tautira,Ceremonial,Wood charcoal   ,8,0-500,???1998 ,220 ± 50 ,2c,Martinsson-Wallin and Crockford 2002:252,220,50,
Ua-13162,Ahu Tautira,Ceremonial,Wood charcoal,8,0-500,???1998 , 720 ± 50   ,2b,Martinsson-Wallin and Crockford 2002:252,720,50,
Ua-13284,Ahu Tautira,Ceremonial,Wood charcoal,8,0-500,???1998 ,475 ± 60 ,2a,Martinsson-Wallin and Crockford 2002:252,475,60,
GrA-18378,Ahu o Rongo,Ceremonial,Wood charcoal,8,0-500,"Huyge and Cauwe, 2001",655 ± 30,2c,Huyge and Cauwe 2002:15,655,30,
GrN-26318,Ahu o Rongo I,Ceremonial,Wood charcoal,8,0-500,"Huyge and Cauwe, 2002",715 ± 35,2b,Huyge and Cauwe 2002:15,715,35,
GrA-18380,Ahu o Rongo I,Ceremonial,Wood charcoal,8,0-500,"Huyge and Cauwe, 2003",655 ± 30,2b,Huyge and Cauwe 2002:15,655,30,
Beta-47365,"Site 10-241, Feature 26",Residential,Wood charcoal,10,3500-4000,"Stevenson et al., 1989-1993", 380 ± 60 ,2b,Stevenson 1997:45,380,60,
Beta-74366,"Site 10-241, Feature 39",Residential,Wood charcoal,10,3500-4000,"Stevenson et al., 1989-1993",480 ± 60,2b,Stevenson 1997:45,480,60,
Beta-74367,"Site 10-241, Feature 41",Residential,Wood charcoal,10,3500-4000,"Stevenson et al., 1989-1993",390 ± 50,2b,Stevenson 1997:45,390,50,
I-7515,"Site 7-1, Runga Va'e cave",Residential,Wood charcoal,12,0-500,"Ayres, 1973",190 ± 80,2c,Ayres 1975:97; Martinsson-Wallin and Crockford 2002:249,190,80,
Uga-631,Site 14-1,Residential,Wood charcoal,14,0-500,"Ayres, 1973",395 ± 60,2c,Ayres 1975:97; Martinsson-Wallin and Crockford 2002:248,395,60,
KIA-18839,SW Poike - base of cliff,Agricultural,Wood charcoal,14,500-1000,"Mieth and Bork, 2002",561 ± 26,2b,Mieth and Bork 2003:37,561,26,
KIA-18840,SW Poike - base of cliff,Burial,Wood charcoal,14,500-1000,"Mieth and Bork, 2002",626 ± 25,3c,Mieth and Bork 2003:38,626,25,
KIA-18841,SW Poike - base of cliff,Residential,Wood charcoal,14,500-1000,"Mieth and Bork, 2002",297 ± 21,2b,Mieth and Bork 2003:38,297,21,
KIA-18842,SW Poike - base of cliff,Agricultural,Wood charcoal,14,500-1000,"Mieth and Bork, 2002",298 ± 48,2b,Mieth and Bork 2003:38,298,48,
Beta-210555,"Site C, Hare umu, Ahu Te Pa Haha Tea",Residential,Wood charcoal,14,0-500,"Shepardson et al., 2005",210 ± 40,2b,"Shepardson et al., unpublished",210,40,
M-870,Ahu Tepeu 1,Ceremonial,Bone - human,15,0-500,"Smith, 1956",330 ± 150,3b,Martinsson-Wallin and Crockford 2002:252,330,150,
M-732,Ahu Tepeu,Ceremonial,Totora reed,15,0-500,"Smith, 1956",1640 ± 250,3b,"Martinsson-Wallin and Crockford 2002:252, Martinsson-Wallin 1997:177",1640,250,
TBN-348-2,Ahu Vai Teka,Ceremonial,Wood charcoal,15,1500-2000,"Mulloy and Figueroa, 1960-70",399 ± 76,2a,"Martinsson-Wallin and Crockford 2002:252, Martinsson-Wallin 1997:177",399,76,
I-455,Ahu Vai Teka,Ceremonial,Wood charcoal,15,1500-2000,"Mulloy and Figueroa, 1960-70",340 ± 75,2a,"Martinsson-Wallin and Crockford 2002:252, Martinsson-Wallin 1997:177",340,75,
M-1372,Ahu Vai Teka,Ceremonial,Wood charcoal,15,1500-2000,"Mulloy and Figueroa, 1960-70",330 ± 100,2b,"Martinsson-Wallin and Crockford 2002:252, Martinsson-Wallin 1997:177",330,100,
Beta-155725,Ahu Tepeu,Ceremonial,Wood charcoal?,15,0-500,"Orliac and Orliac, 2000",Modern,2c,Orliac and Orliac 2001,Modern,,
Beta-155726,Ahu Tepeu,Ceremonial,Wood charcoal?,15,0-500,"Orliac and Orliac, 2000",Modern,2c,Orliac and Orliac 2001,Modern,,
Beta-254389,"Site 15-233, TU2, L3",Agricultural,Wood charcoal - identified,15,1500-2000,"Stevenson et al., 2007",160 ± 40,1c,Stevenson et al. 2013: 3027,160,40,
Beta-254390,"Site 15-233, TU2, L4",Agricultural,Wood charcoal - identifed,15,1500-2000,"Stevenson et al., 2007",280 ± 40,1c,Stevenson et al. 2013: 3027,280,40,
Beta-254391,"Site 15-233, TU2, L6",Agricultural,Wood charcoal - identified,15,1500-2000,"Stevenson et al., 2007",110 ± 40,1c,Stevenson et al. 2013: 3027,110,40,
Beta-254457,"Site 15-90, TU52",Agricultural,Wood charcoal,15,2000-2500,Stevenson et al. 2008,460 ± 40,2c,"Stevenson et al., 2008:51, Table 5",460,40,
Beta-237458,"Site 15-182, TU 98",Residential,Wood charcoal,15,1500-2000,Stevenson et al. 2008,Modern,2c,"Stevenson et al., 2008:51, Table 5",Modern,,
Beta-237459,"Site 15-68, TU105",Agricultural,Wood charcoal,15,1500-2000,Stevenson et al. 2008,840 ± 40,2c,"Stevenson et al., 2008:51, Table 5",840,40,
Beta-237460,"Site 15-68, TU105",Agricultural,Wood charcoal,15,1500-2000,Stevenson et al. 2008,440 ± 40,2c,"Stevenson et al., 2008:51, Table 5",440,40,
Beta-237461,"Site 15-233H, TU2",Agricultural,Wood charcoal - unidentified,15,1500-2000,Stevenson et al. 2008,150 ± 40,2c,"Stevenson et al., 2008:51, Table 5",150,40,
Beta-237462,"Site 15-233H, TUS",Agricultural,Wood charcoal - unidentified,15,1500-2000,Stevenson et al. 2008,670 ± 40,2c,"Stevenson et al., 2008:51, Table 5",670,40,
Beta-237464,"Rock Gardent 22, TU145",Agricultural,Wood charcoal,15,1500-2000,Stevenson et al. 2008,560 ± 40,2c,"Stevenson et al., 2008:51, Table 5",560,40,
Beta-238061,"Rock Garden 16, TU137",Agricultural,Wood charcoal,15,1500-2000,"Stevenson et al., 2008",300 ± 40,2c,"Stevenson et al., 2008:51, Table 5",300,40,
Beta-238062 ,"Rock Garden 20, TU141",Agricultural,Wood charcoal,15,1500-2000,"Stevenson et al., 2008",570 ± 40,2c,"Stevenson et al., 2008:51, Table 5",570,40,
Beta-238063 ," Rock Garden 25, TU148",Agricultural,Wood charcoal,15,2000-2500,"Stevenson et al., 2008",210 ± 40,2c,"Stevenson et al., 2008:51, Table 5",210,40,
Beta-238582,"Test unit 107, Midden",Residential,Carbonized nutshell,15,1500-2000,"Stevenson et al., 2008",490 ± 40,2c,"Stevenson et al., 2008:51, Table 5",490,40,
I-456,Ahu Akivi,Ceremonial,Wood charcoal,16,2000-2500,"Mulloy and Figueroa, 1960-70",510 ± 40,3a,Martinsson-Wallin and Crockford 2002:250,510,40,
M-1370,Ahu Akivi,Ceremonial,Wood charcoal,"16
16",2000-2500,"Mulloy and Figueroa, 1960-70",425 ± 100,3a,"Martinsson-Wallin and Crockford
2002:250",425,100,
M-1371,Ahu Akivi,Ceremonial,Bone and wood charcoal,16,2000-2500,"Mulloy and Figueroa, 1960-70",350 ± 100,3b,Martinsson-Wallin and Crockford 2002:250,350,100,
M-1374,Ahu Akivi,Ceremonial,Bone and wood charcoal,16,2000-2500,"Mulloy and Figueroa, 1960-70",580 ± 100,3b,Martinsson-Wallin and Crockford 2002:250,580,100,
TBN-348-1,Ahu Akivi,Ceremonial,Wood charcoal,16,2000-2500,"Mulloy and Figueroa, 1970-75",2216 ± 96,3c,Martinsson-Wallin and Crockford 2002:250,2216,96,
Erl-13247,"T 01, Stone-lined basin",Ceremonial,Soil with organic remains,17,4500-5000,"Vogt and Moser, 2010",384 ± 40,3c,Martinsson-Wallin and Crockford 2002:250,384,40,
Erl-13248,"T 01, Stone-lined basin ",Water,Carbonized nutshell,17,4500-5000,"Vogt and Moser, 2010",360 ± 39,1c,Vogt and Moser 2010:20,360,39,
Erl-13249 ,"T 01, Stone-lined basin",Water,Wood charcoal,17,4500-5000,"Vogt and Moser, 2010","307 ± 39
",1a,Vogt and Moser 2010:20,307,39,
Erl-13250,"T 01, Stone-lined basin",Water,Wood charcoal - unidentiﬁed,17,4500-5000,"Vogt and Moser, 2010",349 ± 40,1a,Vogt and Moser 2010:20,349,40,
Beta-47282,Site 18-228,Residential,Wood charcoal - unidentiﬁed,18,3500-4000,"Vargas Casanova et al., 1992
",400 ± 60,2c,Vogt and Moser 2010:20,400,60,
Beta-47283,Site 18-419,Residential,Wood charcoal,18,2500-3000,"Vargas Casanova et al., 1992",330 ± 60,"2b
2b","Vargas et al., 2006:296-8",330,60,
Beta-199322 ,"Site 18-473G, Feature 1, TU1",Residential,Twig and grass fragments,"18
18",3000-3500,"Stevenson et al., 2005","220 ± 40
",2b,"Vargas et al., 2006:297-8",220,40,
Beta-199323,"Site 18-473G, Feature 3, TU2",Residential,Wood charcoal,18,3000-3500,"Stevenson et al., 2005",570 ± 50,2b,"Stevenson et al., 2007:75",570,50,
Beta-199324,"Site 18-473G, Feature 20, TU1",Agricultural,Wood charcoal - identified,18,3000-3500,"Stevenson et al., 2005 ",1110 ± 40,2b,"Stevenson et al., 2007, p.75",1110,40,
Wk-27380,"ST 43, near Feature SH-4-129d",Residential,Wood charcoal - identified,19,2000-2500,"Mulrooney et al., 2008",131 ± 30,2b,"Stevenson et al., 2007, p.75",131,30,
Wk-27381,"ST 43, near Feature SH-4-129d",Residential,Wood charcoal,19,2000-2500,"Mulrooney et al., 2008",426 ± 30,1c, Mulrooney 2012,426,30,
Beta-144306,"CS4, Unit 2, F.1",Residential,Wood charcoal,19,1500-2000,"Stevenson and Haoa Cardinali, 1999",790 ± 80,1c,Mulrooney 2012,790,80,
Beta-144307,"CS4, Unit 2, F.3",Agricultural,Wood charcoal,20,1500-2000,"Stevenson and Haoa Cardinali, 1999",840 ± 40,2c,Stevenson and Haoa Cardinali 2008:5,840,40,
Beta-144308,"CS2, F.3",Agricultural,Wood charcoal,20,1500-2000,"Stevenson and Haoa Cardinali, 1999",740 ± 40,2c,Stevenson and Haoa Cardinali 2008:75,740,40,
Beta-144309,"CS2, F.6",Agricultural,Wood charcoal,20,1500-2000,"Stevenson and Haoa Cardinali, 1999",250 ± 40,2c,Stevenson and Haoa Cardinali 2008:75,250,40,
Beta-144310,"Site 20-52 E1t, Unit 1, F.6",Agricultural,Wood charcoal,20,500-1000,"Stevenson and Haoa Cardinali, 1999",780 ± 50,2c,Stevenson and Haoa Cardinali 2008:75,780,50,
Beta-144311,"Site 20-52 E1t, Unit 2, F.10",Agricultural,Wood charcoal,20,500-1000,"Stevenson and Haoa Cardinali, 1999",380 ± 40,2c,Stevenson and Haoa Cardinali 2008:75,380,40,
Beta-210554,"Site D, Ahu O’Pepe, inside corner of an L-shaped wall",Agricultural,Wood charcoal - identified,20,2500-3000,"Shepardson et al., 2005",200 ± 40,2c,Stevenson and Haoa Cardinali 2008:75,200,40,
Wk-24285,"ST 16, near Feature HH-751a",Residential,Wood charcoal - identified,20,2000-2500,"Mulrooney, 2006",314 ± 30,2c,Shepardson unpublished,314,30,
Wk-27377,"ST 14, near Feature HH-655a",Residential,Wood charcoal - identified,20,1500-2000,"Mulrooney et al., 2008",407 ± 30,1c,"Mulrooney et al., 2009:101",407,30,
Wk-27378,"ST 21, near Feature SH-2-68",Residential,Wood charcoal - identified,20,1500-2000,"Mulrooney et al., 2008",172 ± 30,1c,Mulrooney 2012,172,30,
Wk-27384,"ST 48, near Feature SH-4-9b",Residential,Wood charcoal,20,1500-2000,"Mulrooney et al., 2008",269 ± 30,1c,Mulrooney 2012,269,30,
K-501,Poike Ditch,Residential,Wood charcoal,20,1000-1500,"Smith et al., 1956",280 ± 100,1c,Mulrooney 2012,280,100,
K-502,Poike Ditch,Residential,Wood charcoal - identified,21,1000-1500,"Smith et al., 1956",1570 ± 100,3c,Smith 1961:391; Martinsson- Wallin and Crockford 2002:249,1570,100,
Beta-208937, Poike Ditch      ,Residential,Wood charcoal - identified,21,1000-1500,"Vargas Casanova et al., 1992",440 ± 60,3c,Smith 1961:391; Martinsson-Wallin and Crockford 2002:249,440,60,
Beta-208938, Poike Ditch      ,Residential,Wood charcoal - unidentified,21,1000-1500,"Vargas Casanova et al., 1992",190 ± 40,1c,"Vargas Casanova et al., 2006:380",190,40,
Beta-47281, Poike Ditch      ,Residential,Wood charcoal - unidentified,21,1000-1500,"Vargas Casanova et al., 1992",760 ± 80,2c,"Vargas Casanova et al., 2006:381-4",760,80,
KIA-17110,SW Poike,Agricultural,Wood charcoal,22,0-500,"Mieth and Bork, 2002",654 ± 22,2c,"Mieth et al., 2002:92, 2004:63",654,22,
KIA-18832,SW Poike,Agricultural,Wood charcoal,22,0-500,"Mieth and Bork, 2002",570 ± 22,2c,"Mieth and Bork, 2003:37",570,22,
KIA-18833,SW Poike,Agricultural,Wood charcoal,22,0-500,"Mieth and Bork, 2002",482 ± 26,2c,"Mieth and Bork, 2003:36",482,26,
KIA-18834,SW Poike,Agricultural,Wood charcoal,22,0-500,"Mieth and Bork, 2002",319 ± 21,2c,"Mieth and Bork, 2003:36",319,21,
KIA-18836,SW Poike,Agricultural,Wood charcoal,22,0-500,"Mieth and Bork, 2002",573 ± 20,2c,"Mieth and Bork, 2003:36",573,20,
KIA-19369,SW Poike,Agricultural,Burnt grass,22,0-500,"Mieth and Bork, 2002",525 ± 26,2c,"Mieth and Bork, 2003:36",525,26,
KIA-26452,"AMTH-II, Ahu Motu Toremo Hiva",Ceremonial,Wood charcoal,24,0-500,"Cauwe et al., 2004",675 ± 20,2c,Mieth and Bork 2003:36,675,20,
KIA-26453,"AMTH-II, Ahu Motu Toremo Hiva",Ceremonial,Wood charcoal,24,0-500,"Cauwe et al., 2004",675 ± 25,2c,"Cauwe et al., 2006:100",675,25,
KIA-26461,"AMTH-II, Ahu Motu Toremo Hiva",Ceremonial,Wood charcoal,24,0-500,"Cauwe et al., 2004",630 ± 25,2c,"Cauwe et al., 2006:100",630,25,
KIA-26464,"AMTH-II, Ahu Motu Toremo Hiva",Ceremonial,Wood charcoal,24,0-500,"Cauwe et al., 2004",700 ± 25,2c,"Cauwe et al., 2006:100",700,25,
KIA-26483,"Burial sub-contemporary, Ahu Motu Toremo Hiva",Burial,Wood charcoal,24,0-500,"Cauwe et al., 2004",150 ± 20,2a,"Cauwe et al., 2006:100",150,20,
KIA-26487,Behind Ahu Motu Toremo Hiva,Agricultural,Wood charcoal,24,0-500,"Cauwe et al., 2004",240 ± 20,2c,"Cauwe et al., 2006:100",240,20,
KIA-29812,"AMTH-II, Ahu Motu Toremo Hiva",Ceremonial,Wood charcoal,24,0-500,"Cauwe et al., 2004",630 ± 25,2c,"Cauwe et al., 2006:100",630,25,
KIA-29813,"AMTH-I, Ahu Motu Toremo Hiva",Ceremonial,Wood charcoal,24,0-500,"Cauwe et al., 2004",610 ± 25,2c,"Cauwe et al., 2006:100",610,25,
KIA-29814,Behind Ahu Motu Toremo Hiva,Agricultural,Wood charcoal,24,0-500,"Cauwe et al., 2004",325 ± 25,2c,"Cauwe et al., 2006:100",325,25,
SRR-2430,Poike E cave near Ana Okeke,Residential,Carbonized nutshell- rat-gnawed,25,0-500,"Dransfield et al., 1983",820 ± 40,2c,"Cauwe et al., 2006:100",820,40,
KIA-18837,E Poike,Residential,Wood charcoal,25,0-500,"Mieth and Bork, 2002",631 ± 22,2c,"Dransfield et al., 1984",631,22,
KIA-18838,E Poike,Residential,Wood charcoal,25,0-500,"Mieth and Bork, 2002",588 ± 22,2b,"Mieth and Bork 2004:57, 2005:60",588,22,
KIA-20838,"Fireplace, east Poike ",Residential,Carbonized nutshell,25,0-500,"Mieth and Bork, 2002",317 ± 20,2b,"Mieth and Bork 2004:57, 2005:60",317,20,
Beta-210553,"Site B, Inside hare paenga near ahu",Residential,Wood charcoal,25,1000-1500,"Shepardson et al., 2005",640 ± 40,1c,Mieth and Bork 2004:58,640,40,
AZ-1,"Site 26-7b, Te Niu",Agricultural,Wood charcoal,26,0-500,"Wozniak, 1996",435 ± 40,2c,Shepardson unpublished,435,40,
AZ-2,"Site 26-22B, Te Niu",Agricultural,Wood charcoal,26,0-500,"Wozniak, 1996",605 ± 40,2c,Wozniak 2003:302-4,605,40,
AZ-3,"Site 26-22C, Te Niu",Agricultural,Wood charcoal,26,0-500,"Wozniak, 1996",385 ± 40,2c,Wozniak 2003:302-4,385,40,
AZ-4,"Site 26-36, Te Niu",Agricultural,Wood charcoal,26,0-500,"Wozniak, 1996",210 ± 60,2c,Wozniak 2003:302-4,210,60,
AZ-5,"Site 26-10, Te Niu",Agricultural,Wood charcoal,26,0-500,"Wozniak, 1996",715 ± 70,2c,Wozniak 2003:302-4,715,70,
AZ-6,"Site S6-T0, Te Niu",Agricultural,Wood charcoal,26,0-500,"Wozniak, 1996",415 ± 70,2c,Wozniak 2003:302-4,415,70,
AZ-7,"Site 26-6c, Te Niu",Agricultural,Wood charcoal,26,0-500,"Wozniak, 1996",680 ± 45,2c,Wozniak 2003:302-4,680,45,
AZ-8,"Site 26-1, Ahu Te Niu (Ahu Ohau)",Ceremonial,Wood charcoal,26,0-500,"Wozniak, 1996",375 ± 45,2b,Wozniak 2003:302-4,375,45,
AZ-9,"Site 26-6, Te Niu",Residential,Wood charcoal,26,0-500,"Wozniak, 1996",230 ± 45,2c,Wozniak 2003:302-4,230,45,
AZ-10,"Site 26-5, Te Niu",Residential,Wood charcoal,26,0-500,"Wozniak, 1996",105 ± 40,2c,Wozniak 2003:302-4,105,40,
AZ-13,"Site 26-1, Ahu Te Niu (Ahu Ohau)",Ceremonial,Wood charcoal,26,0-500,"Wozniak, 1996",535 ± 50,2a,Wozniak 2003:302-4,535,50,
AZ-14,"Site 26-1, Ahu Te Niu (Ahu Ohau)",Ceremonial,Wood charcoal,26,0-500,"Wozniak, 1996",230 ± 60,2c,Wozniak 2003:302-4,230,60,
AZ-20,"Site 26-1, Ahu Te Niu (Ahu Ohau)",Ceremonial,Bone,26,0-500,"Wozniak, 1996",380 ± 45,3b,Wozniak 2003:302-4,380,45,
AZ-22,"Site 26-1, Ahu Te Niu (Ahu Ohau)",Ceremonial,Carbonized nutshell,26,0-500,"Wozniak, 1996",325 ± 40,2c,Wozniak 2003:302-4,325,40,
AZ-23,"Site 26-1, Ahu Te Niu (Ahu Ohau)",Ceremonial,Wood charcoal,26,0-500,"Wozniak, 1996",685 ± 50,2c,Wozniak 2003:302-4,685,50,
AZ-24,"Site 26-1, Ahu Te Niu (Ahu Ohau)",Ceremonial,Wood charcoal,26,0-500,"Wozniak, 1996",535 ± 40,2c,Wozniak 2003:302-4,535,40,
AZ-25,"Site 26-1, Ahu Te Niu (Ahu Ohau)",Ceremonial,Wood charcoal,26,0-500,"Wozniak, 1996",650 ± 40,2c,Wozniak 2003:302-4,650,40,
AZ-26,"26M250S firepit, Te Niu",Residential,Wood charcoal,26,0-500,"Wozniak, 1996",240 ± 40,2b,Wozniak 2003:302-4,240,40,
AZ-27,"Site 26F, Te Niu",Agricultural,Wood charcoal,26,0-500,"Wozniak, 1996",545 ± 40,2c,Wozniak 2003:302-4,545,40,
AZ-28,"Site 26-1, Ahu Te Niu (Ahu Ohau)",Ceremonial,Carbonized nutshell,26,0-500,"Wozniak, 1996",555 ± 40,1a,Wozniak 2003:302-4,555,40,
B-95878,"Site 26-1, Ahu Te Niu (Ahu Ohau)",Ceremonial,Wood charcoal,26,0-500,"Wozniak, 1996",700 ± 90,2b,Wozniak 2003:302-4,700,90,
B-95879,"Site 26-1, Ahu Te Niu (Ahu Ohau)",Ceremonial,Wood charcoal,26,0-500,"Wozniak, 1996",230 ± 90,2c,Wozniak 2003:302-4,230,90,
B-95880,"Site 26-50, Te Niu",Residential,Wood charcoal,26,0-500,"Wozniak, 1996",550 ± 110,2c,Wozniak 2003:302-4,550,110,
B-106319,"Site 26-1, Ahu Te Niu (Ahu Ohau)",Ceremonial,Wood charcoal,26,0-500,"Wozniak, 1996",570 ± 50,2a,Wozniak 2003:302-4,570,50,
B-106320,"Site 26-6, Te Niu",Residential,Wood charcoal,26,0-500,"Wozniak, 1996",90 ± 60,2c,Wozniak 2003:302-4,90,60,
Wk-27379,"ST 39, near Feature SH-3-274a",Residential,Wood charcoal - identified,30,0-500,"Mulrooney et al., 2008",113 ± 30,1c,Mulrooney 2012,113,30,
"
Beta-46110","
Site 21-568a, Hare Aio",Residential,Wood charcoal,31,500-1000,"Vargas Casanova et al., 1992",430 ± 70,2c,"Vargas Casanova et al., 2006:217-9",430,70,
Beta-47279,"Site 21-568a, Hare Aio",Residential,Wood charcoal,31,500-1000,"Vargas Casanova et al., 1992",320 ± 70,2c,Wozniak 2003:302-4,320,70,
Beta-91771,"Site 31-98, TU1, F.20",Residential,Burnt grass,31,0-500,"Stevenson and Haoa Cardinali, 1995","420 ± 80
",2b,Wozniak 2003:302-4,420,80,
Beta-91772,"Site 31-98, TU6, F.33",Residential,Wood charcoal?,31,0-500,"Stevenson and Haoa Cardinali, 1995",130 ± 60,2b,Wozniak 2003:302-4,130,60,
Beta-91773,"Site 31-98, TU11, F.63",Residential,Wood charcoal,31,0-500,"Stevenson and Haoa Cardinali, 1995",70 ± 40,2b,"Mulrooney 2012
Vargas Casanova et al., 2006:217",70,40,
Beta-91774,"Site 31-98, TU6, F.66",Residential,Wood charcoal?,31,0-500,"Stevenson and Haoa Cardinali, 1995",130 ± 70,2b,"Vargas Casanova et al., 2006:217-9",130,70,
Beta-91775,"Site 31-98, TU9, F.73",Residential,Wood charcoal,31,0-500,"Stevenson and Haoa Cardinali, 1995",240 ± 40,2b,Stevenson and Haoa Cardinali 2008:109,240,40,
Beta-099344,Site 31-90 or 31-91,Residential,Wood charcoal,31,0-500,"Stevenson and Haoa Cardinali, 1995",80 ± 70,2b,Stevenson and Haoa Cardinali 2008:109,80,70,
Beta-099346,Site 31-90 or 31-91,Residential,Wood charcoal,31,0-500,"Stevenson and Haoa Cardinali, 1995",160 ± 50,2b,Stevenson and Haoa Cardinali 2008:109,160,50,
Beta-099349,Site 31-90 or 31-91,Residential,Wood charcoal,31,0-500,"Stevenson and Haoa Cardinali, 1995",60 ± 50,2b,Stevenson and Haoa Cardinali 2008:109,60,50,
Beta-099350,Site 31-90 or 31-91,Residential,Wood charcoal,31,0-500,"Orliac, 1995",10 ± 70,2b,Stevenson and Haoa Cardinali 2008:109,10,70,
Beta-099355,Site 31-90 or 31-91,Residential,Wood charcoal,31,0-500,"Orliac, 1995",150 ± 50,2b,Martinsson-Wallin and Crockford 2002:248,150,50,
Beta-099357,Site 31-90 or 31-91,Residential,Wood charcoal,31,0-500,"Orliac, 1995",60 ± 50,2b,Martinsson-Wallin and Crockford 2002:248,60,50,
Beta-099345,Site 31-90 or 31-91,Residential,Wood charcoal,31,0-500,"Orliac, 1995",610 ± 80,2b,Martinsson-Wallin and Crockford 2002:248,610,80,
Beta-155723,"Site 21-568a, Hare Aio, bore hole",Residential,Wood charcoal,31,500-1000,"Orliac and Orliac, 2001",Modern,2b,Martinsson-Wallin and Crockford 2002:248,Modern,,
Beta-155724,"Site 21-568a, Hare Aio",Residential,Carbonized nutshell,31,500-1000,"Orliac and Orliac, 2001",Modern,2c,Orliac and Orliac 2001,Modern,,
Ua-11700,"Ahu Heki’i, T1",Residential,Carbonized nutshell,31,0-500,"Martinsson-Wallin and Wallin, 1997",705 ± 45,2c,"Orliac and Orliac, 2001",705,45,
Ua-11701,"Ahu Heki’i, T2, F.1",Ceremonial,Carbonized nutshell,31,0-500,"Martinsson-Wallin and Wallin, 1997",700 ± 45,1a,"Martinsson-Wallin and Crockford
2002:250",700,45,
Ua-11702,"Ahu Heki’i, T2, below F.1",Ceremonial,Carbonized nutshell,31,0-500,"Martinsson-Wallin and Wallin, 1997",465 ± 45,1b,Martinsson-Wallin and Crockford 2002:250,465,45,
Ua-11703,"Ahu Heki’i, T2, Level 7",Ceremonial,Wood charcoal,31,0-500,"Martinsson-Wallin and Wallin, 1997",555 ± 50,1b,Martinsson-Wallin and Crockford 2002:250,555,50,
Ua-11704,Ahu No. 31-286,Ceremonial,Wood charcoal,31,0-500,"Martinsson-Wallin and Wallin, 1998",795 ± 50,1a,Martinsson-Wallin and Crockford 2002:250,795,50,
Ua-13163,Ahu Ra’ai,Ceremonial,Wood charcoal,31,0-500,"Martinsson-Wallin and Wallin, 1998",135 ± 60,2a,Martinsson-Wallin and Crockford 2002:252,135,60,
Ua-13164,Ahu Ra’ai,Ceremonial,Wood charcoal,31,0-500,"Martinsson-Wallin and Wallin, 1998",515 ± 60,2b,Martinsson-Wallin and Crockford 2002:251,515,60,
Ua-13165,Ahu Ra’ai,Ceremonial,Wood charcoal,31,0-500,"Martinsson-Wallin and Wallin, 1998",570 ± 50,2a,Martinsson-Wallin and Crockford 2002:251,570,50,
Ua-13166,Ahu Ra’ai,Ceremonial,Wood charcoal,31,0-500,"Martinsson-Wallin and Wallin, 1998",635 ± 50,2b,Martinsson-Wallin and Crockford 2002:251,635,50,
Ua-13167,Ahu Ra’ai,Ceremonial,Wood charcoal - identified,31,0-500,"Martinsson-Wallin and Wallin, 1998",645 ± 50  ,2a,Martinsson-Wallin and Crockford 2002:251,645,50,
Wk-24284,"ST 12, near Feature HH-531a",Ceremonial,Wood charcoal - identified,31,1000-1500,"Mulrooney, 2006",214 ± 30,2a,Martinsson-Wallin and Crockford 2002:251,214,30,
Wk-24286,"ST 22, near Feature SH-2-4",Residential,Wood charcoal - identified,31,1000-1500,"Mulrooney, 2006",157 ± 28,1c,"Mulrooney et al., 2009:101",157,28,
Wk-24287,"ST 22, near Feature SH-2-4",Residential,Wood charcoal - identified,31,1000-1500,"Mulrooney, 2006",90 ± 30,1c,"Mulrooney et al., 2009:101",90,30,
Wk-27374,"ST 3, near Feature HH-153a",Residential,Wood charcoal - identified,31,500-1000,"Mulrooney et al., 2008",110 ± 30,1c,"Mulrooney et al., 2009:101",110,30,
Wk-27375,"ST 3, near Feature HH-153a",Residential,Wood charcoal - identified,31,500-1000,"Mulrooney et al., 2008",352 ± 30,1c,Mulrooney 2012,352,30,
Wk-27376,"ST 6, near Feature HH-52a",Residential,Wood charcoal - identified,31,0-500,"Mulrooney et al., 2008",146 ± 30,1c,Mulrooney 2012,146,30,
Wk-27382,"ST 46, near Feature SH-1-93f",Residential,Wood charcoal - identified,31,0-500,"Mulrooney et al., 2008",243 ± 30,1c,Mulrooney 2012,243,30,
Wk-27383,"ST 46, near Feature SH-1-93f",Residential,"Wood charcoal -
unidentiﬁed",31,0-500,"Mulrooney et al., 2008",212 ± 30,1c,Mulrooney 2012,212,30,
Beta-46103,"Site 32-14, Burial",Residential,Organic material,31,0-500,"Vargas Casanova et al., 1986",100 ± 70,1c,Mulrooney 2012,100,70,
Gd-6963,Site 32-200c,Burial,Organic material,32,0-500,"Vargas Casanova et al., 1986",150 ± 90,2b,"Vargas Casanova et al., 2006:176-81",150,90,
Gd-6965,Site 32-200c,Animal husbandry,Wood charcoal,33,0-500,"Vargas Casanova et al., 1986",120 ± 100,2b,"Vargas Casanova et al., 2006:128",120,100,
Beta-210552,"Site F, umu near Ahu Heu",Animal husbandry,Wood charcoal,33,0-500,"Shepardson et al., 2005",100 ± 40,2b,"Vargas Casanova et al., 2006:128",100,40,
K-522,"’Anakena E2, Circular dwelling",Residential,Wood charcoal,33,"0-500
0-500"," Heyerdahl et al., 1956",430 ± 100,2b,Shepardson unpublished ,430,100,
UGa-630,"’Anakena 35-8, hare paenga",Residential,Wood charcoal,33,0-500,"Ayres, 1973",395 ± 75,2b,Martinsson-Wallin and Crockford 2002:248,395,75,
Gak-4616,Ahu Ihu Arero,Residential,Wood charcoal,35,0-500,"Ayres, 1973",480 ± 90,2b,Martinsson-Wallin and Crockford 2002:248,480,90,
Gak-4617,Ahu Ihu Arero,Residential,Wood charcoal,35,0-500,"Ayres, 1973",480 ± 90,2a,"Ayres, 1975:97",480,90,
Beta-28753 ,Site 35-11,Residential,Wood charcoal,35,"0-500
0-500","Vargas Casanova et al., 1986",280 ± 60,2a,Martinsson-Wallin and Crockford 2002:250,280,60,
Ua-1144,Ahu Ature Huki,Ceremonial,Wood charcoal,35,0-500," Skjolsvold et al., 1986-1988",580 ± 85,2b,"Vargas Casanova et al., 2006:203",580,85,
Ua-617,Ahu Nau Nau III,Ceremonial,Bone,"35
35",0-500,"Skjolsvold et al., 1986-1988",610 ± 85,2b,Martinsson-Wallin and Crockford 2002:250,610,85,
T-6678,Ahu Nau Nau I,Ceremonial,Wood charcoal,35,0-500,"Skjolsvold et al., 1986-1988",860 ± 130,2c,Martinsson-Wallin and Crockford 2002:251,860,130,
T-6679,’Anakena cultural layer,Ceremonial,Wood charcoal,35,0-500,"Skjolsvold et al., 1986-1988",1170 ± 140,3b,Martinsson-Wallin and Crockford 2002:251,1170,140,
T-6680,’Anakena cultural layer,Residential,Wood charcoal,35,0-500,"Skjolsvold et al., 1986-1988",370 ± 90,2c,"Martinsson-Wallin and Crockford 2002:246, Skjolsvold 1994:106",370,90,
T-7341,’Anakena cultural layer,Residential,Wood charcoal,35,0-500,"Skjolsvold et al., 1986-1988",900 ± 120,2c,"Martinsson-Wallin and Crockford 2002:247, Skjolsvold 1994:106",900,120,
T-7342,Ahu Nau Nau I,Residential,Wood charcoal,35,0-500,"Skjolsvold et al., 1986-1988",710 ± 70,2c,"Martinsson-Wallin and Crockford 2002:246, Skjolsvold 1994:106",710,70,
T-7343,’Anakena cultural layer,Ceremonial,Wood charcoal,35,0-500,"Skjolsvold et al., 1986-1988",750 ± 100,2a,Martinsson-Wallin and Crockford 2002:251,750,100,
T-7344,’Anakena cultural layer,Residential,Wood charcoal,35,0-500,"Skjolsvold et al., 1986-1988",600 ± 140,2c,"Martinsson-Wallin and Crockford 2002:246, Skjolsvold 1994:106",600,140,
T-7345,’Anakena cultural layer,Residential,Wood charcoal,35,0-500,"Skjolsvold et al., 1986-1988",810 ± 80,2c,"Martinsson-Wallin and Crockford 2002:247,",810,80,
T-7346,’Anakena cultural layer,Residential,Wood charcoal,35,0-500,"Skjolsvold et al., 1986-1988",810 ± 70,2c,"Skjolsvold 1994:106
Martinsson-Wallin and Crockford 2002:247, Skjolsvold 1994:106",810,70,
T-7347,Ahu Nau Nau II,Residential,Wood charcoal,35,0-500,"Skjolsvold et al., 1986-1988",720 ± 120,2c,"Martinsson-Wallin and Crockford 2002:247, Skjolsvold 1994:106",720,120,
T-7348,Ahu Nau Nau IV?,Ceremonial,Wood charcoal,35,0-500,"Skjolsvold et al., 1986-1988",200 ± 80,2c,Martinsson-Wallin and Crockford 2002:251,200,80,
T-7349,’Anakena cultural layer,Ceremonial,Wood charcoal,35,0-500,"Skjolsvold et al., 1986-1988",550 ± 150,2c,Martinsson-Wallin and Crockford 2002:251,550,150,
T-7350,’Anakena cultural layer,Residential,Wood charcoal,35,0-500,"Skjolsvold et al., 1986-1988",710 ± 80,2c,"Martinsson-Wallin and Crockford 2002:247, Skjolsvold 1994:106",710,80,
T-7958,’Anakena cultural layer,Residential,Wood charcoal,35,0-500,"Skjolsvold et al., 1986-1988",340 ± 100,2c,"Martinsson-Wallin and Crockford 2002:247, Skjolsvold 1994:106",340,100,
T-7959,’Anakena cultural layer,Residential,Wood charcoal,35,0-500,"Skjolsvold et al., 1986-1988",510 ± 40,2c,"Martinsson-Wallin and Crockford 2002:247, Skjolsvold 1994:106",510,40,
T-7960,’Anakena uphill,Residential,Wood charcoal,35,0-500,"Skjolsvold et al., 1986-1988",Modern,2c,"Martinsson-Wallin and Crockford 2002:246, Skjolsvold 1994:106",Modern,,
T-7961,’Anakena uphill,Residential,Wood charcoal,35,0-500,"Skjolsvold et al., 1986-1988",Modern,2c,"Martinsson-Wallin and Crockford 2002:247,",Modern,,
T-7973,’Anakena cultural layer,Residential,Wood charcoal,35,0-500,"Skjolsvold et al., 1986-1988",Modern,2c,"Skjolsvold 1994:106
Martinsson-Wallin and Crockford",Modern,,
T-7974,’Anakena cultural layer,Residential,Wood charcoal,35,0-500,"Skjolsvold et al., 1986-1988",540 ± 60,2c,Martinsson-Wallin and Crockford,540,60,
T-7975,’Anakena cultural layer,Residential,Wood charcoal,35,0-500,"Skjolsvold et al., 1986-1988",710 ± 40,2c,"Martinsson-Wallin and Crockford 2002:247, Skjolsvold 1994:106",710,40,
T-7976,’Anakena cultural layer,Residential,Wood charcoal,35,0-500,"Skjolsvold et al., 1986-1988",789 ± 90,2b,"Martinsson-Wallin and Crockford 2002:246, Skjolsvold 1994:106",789,90,
T-7977,’Anakena cultural layer,Residential,Wood charcoal,35,0-500,"Skjolsvold et al., 1986-1988",220 ± 80,2c,"Martinsson-Wallin and Crockford 2002:247, Skjolsvold",220,80,
T-7979,Ahu Ature Huki,Residential,Bone - aquatic bird,35,0-500,"Skjolsvold et al., 1986-1988",510 ± 80,2c,"1994:106
Martinsson-Wallin and Crockford 2002:247, Skjolsvold 1994:106",510,80,
Ua-1740,’Anakena cultural layer,Ceremonial,Wood charcoal,35,0-500,"Skjolsvold et al., 1990",1290 ± 100,2a,Martinsson-Wallin and Crockford 2002:250,1290,100,
Beta-47169,’Anakena cultural layer,Residential,Wood charcoal,35,0-500,"Steadman et al., 1991",900 ± 80,3c,"Martinsson-Wallin and Crockford 2002:246, Skjolsvold 1994:106",900,80,
Beta-47170,’Anakena cultural layer,Residential,Wood charcoal,35,0-500,"Steadman et al., 1991",900 ± 60,2c,"Martinsson-Wallin and Crockford 2002:247, Skjolsvold 1994:106, Steadman et al., 1994 (dates slightly different)",900,60,
Beta-47171,’Anakena cultural layer,Residential,Wood charcoal,35,0-500,"Steadman et al., 1991",660 ± 80,2c,"Martinsson-Wallin and Crockford 2002:247, Skjolsvold 1994:106, Steadman et al., 1994 (dates slightly different)",660,80,
Beta-47172,’Anakena cultural layer,Residential,Wood charcoal,35,0-500,"Steadman et al., 1991",170 ± 110,2c,"Martinsson-Wallin and Crockford 2002:247, Skjolsvold 1994:106, Steadman et al., 1994 (dates slightly different)",170,110,
Beta-47173,’Anakena cultural layer,Residential,Tooth - dolphin,35,0-500,"Steadman et al., 1991",860 ± 100,2c,"Martinsson-Wallin and Crockford 2002:247, Skjolsvold 1994:106, Steadman et al., 1994 (dates slightly different)",860,100,
CAMS-5335,Ahu Nau Nau,Ceremonial, Bone - periotic ,35,0-500," Steadman et al., 1991","1090 ± 60

",2c,"Martinsson-Wallin and Crockford 2002:247, Skjolsvold 1994:106, Steadman et al., 1994 (dates slightly different)",1090,60,
 CAMS-5336 ,Ahu Nau Nau,Ceremonial,Bone - periotic,35,0-500,"Steadman et al., 1991",1040 ± 80,3c,"Steadman et al., 1994:86",1040,80,
CAMS-5337,Ahu Nau Nau,Ceremonial,"Bone - rat
Bone",35,0-500,"Steadman et al., 1991",1310 ± 60,3c,"Steadman et al., 1994:86",1310,60,
Ua-3007,’Anakena cultural layer,Residential,Wood charcoal,35,0-500,"Skjolsvold et al., 1993",1015 ± 65,3c,"Steadman et al., 1994:86",1015,65,
Ua-4626,’Anakena cultural layer,Ceremonial,Bone,35,0-500,"Skjolsvold, 1994",710 ± 75,3c,"Martinsson-Wallin and Crockford 2002:246, Skjolsvold 1994:106",710,75,
Beta-77743,’Anakena Pipe Trench,Residential,Wood charcoal,35,0-500,"Stevenson et al., 1994",Modern,2b,"Stevenson et al., 2000:170",Modern,,
Beta-77744,’Anakena Pipe Trench,Residential,Wood charcoal,35,0-500,"Stevenson et al., 1994",70 ± 50,2b,"Stevenson et al., 2000:170",70,50,
A-160,’Anakena Trench C,Residential,Coral,35,0-500,"Beck et al., 2003",1020 ± 65,3c,"Beck et al., 2003:105",1020,65,
A-161,’Anakena Trench C,Residential,Coral,35,0-500,"Beck et al., 2003",1010 ± 60,3c,"Beck et al., 2003:105",1010,60,
A-161b,’Anakena Trench C,Residential,Algal nodule,35,0-500,"Beck et al., 2003",965 ± 45,3c,"Beck et al., 2003:105",965,45,
AA-27343,Auh Nau Nau plaza,Ceremonial,Algal nodule,35,0-500,"Beck et al., 2003",371 ± 50,1c,"Beck et al., 2003:105",371,50,
AA-27344,Auh Nau Nau plaza,Ceremonial,Algal nodule,35,0-500,"Beck et al., 2003",423 ± 60,1c,"Beck et al., 2003:105",423,60,
AA-27345,Auh Nau Nau plaza,Ceremonial,Algal nodule,35,0-500,"Beck et al., 2003",555 ± 45,1c,"Beck et al., 2003:105",555,45,
AA-27346,Auh Nau Nau plaza,Ceremonial,Coral,35,0-500,"Beck et al., 2003",430 ± 40,1c,"Beck et al., 2003:105",430,40,
AA-30983,Ahu Nau Nau III,Ceremonial,Coral,35,0-500,"Beck et al., 2003",885 ± 45,3c,"Beck et al., 2003:105",885,45,
AA-30984,Ahu Nau Nau,Ceremonial,Coral,35,0-500,"Beck et al., 2003",455 ± 45,3c,"Beck et al., 2003:105",455,45,
AA-30985,Ahu Nau Nau III,Ceremonial,Coral,35,0-500,"Beck et al., 2003",815 ± 70,3c,"Beck et al., 2003:105",815,70,
AA-30986,’Anakena,Ceremonial,Coral,35,0-500,"Beck et al., 2003",760 ± 45,3c,"Beck et al., 2003:105",760,45,
AA-30987,’Anakena,Ceremonial,Coral,35,0-500,"Beck et al., 2003",960 ± 45,3c,"Beck et al., 2003:105",960,45,
AA-30988,Ahu Nau Nau III,Ceremonial,Coral,35,0-500,"Beck et al., 2003",875 ± 50,3c,"Beck et al., 2003:105",875,50,
AA-30989,’Anakena,Ceremonial,Coral,35,0-500,"Beck et al., 2003",525 ± 45,3c,"Beck et al., 2003:105",525,45,
AA-30990,’Anakena,Ceremonial,Coral,35,0-500,"Beck et al., 2003",810 ± 50,3c,"Beck et al., 2003:105",810,50,
AA-30991,’Anakena,Ceremonial,Coral,35,0-500,"Beck et al., 2003",780 ± 45,3c,"Beck et al., 2003:105",780,45,
AA-30992,’Anakena,Ceremonial,Coral,35,0-500,"Beck et al., 2003",830 ± 45,3c,"Beck et al., 2003:105",830,45,
AA-30993,’Anakena,Ceremonial,Coral,35,0-500,"Beck et al., 2003",1290 ± 45,3c,"Beck et al., 2003:105",1290,45,
AA-30994,’Anakena,Ceremonial,Coral,35,0-500,"Beck et al., 2003",665 ± 45,3c,"Beck et al., 2003:105",665,45,
AA-30995,Ahu Nau Nau,Ceremonial,Coral,35,0-500,"Beck et al., 2003",420 ± 45,3c,"Beck et al., 2003:105",420,45,
AA-30996,Ahu Nau Nau,Ceremonial,Coral,35,0-500,"Beck et al., 2003",365 ± 45,3c,"Beck et al., 2003:105",365,45,
AA-30997,Ahu Nau Nau,Ceremonial,Coral,35,0-500,"Beck et al., 2003",365 ± 50,3c,"Beck et al., 2003:105",365,50,
AA-30998a,"Ahu Nau Nau, Trench C1",Residential,Coral,35,0-500,"Beck et al., 2003",930 ± 45,3c,"Beck et al., 2003:105",930,45,
AA-30998b,"Ahu Nau Nau, Trench K",Residential,Coral,35,0-500,"Beck et al., 2003",975 ± 60,3c,"Beck et al., 2003:105",975,60,
AA-30999,"Ahu Nau Nau, Trench C1",Residential,Coral,35,0-500,"Beck et al., 2003",985 ± 65,3c,"Beck et al., 2003:105",985,65,
AA-31000,Nau Nau East,Residential,Coral,35,0-500,"Beck et al., 2003",770 ± 45,3c,"Beck et al., 2003:105",770,45,
AA-31001,Nau Nau East,Residential,Coral,35,0-500,"Beck et al., 2003",505 ± 45,3c,"Beck et al., 2003:105",505,45,
AA-31002,Nau Nau East,Residential,Coral,35,0-500,"Beck et al., 2003",940 ± 45,3c,"Beck et al., 2003:105",940,45,
AA-31003,"Ahu Nau Nau, Trench E",Ceremonial,Coral,35,0-500,"Beck et al., 2003",610 ± 45,3c,"Beck et al., 2003:105",610,45,
AA-31004,"Ahu Nau Nau, Trench C2",Ceremonial,Wood charcoal,35,0-500,"Beck et al., 2003",760 ± 45,3c,"Beck et al., 2003:105",760,45,
Beta-196711,’Anakena Dune Site,Residential,Wood charcoal,35,0-500,Hunt & Lipo 2004-2005,660 ± 40,1c,"Hunt and Lipo 2006, Table 1",660,40,
Beta-196712,’Anakena Dune Site,Residential,Wood charcoal,35,0-500,Hunt & Lipo 2004-2005,680 ± 60,1c,"Hunt and Lipo 2006, Table 1",680,60,
Beta-196713,’Anakena Dune Site,Residential,Wood charcoal,35,0-500,Hunt & Lipo 2004-2005,670 ± 40,1c,"Hunt and Lipo 2006, Table 1",670,60,
Beta-196714,’Anakena Dune Site,Residential,Wood charcoal,35,0-500,Hunt & Lipo 2004-2005,590 ± 60,1c,"Hunt and Lipo 2006, Table 1",590,60,
Beta-196715,’Anakena Dune Site,Residential,Wood charcoal,35,0-500,Hunt & Lipo 2004-2005,710 ± 40,1c,"Hunt and Lipo 2006, Table 1",710,40,
Beta-196716,’Anakena Dune Site,Residential,Wood charcoal,35,0-500,Hunt & Lipo 2004-2005,720 ± 60,1c,"Hunt and Lipo 2006, Table 1",720,60,
Beta-209903,’Anakena Dune Site,Residential,Wood charcoal,35,0-500,Hunt & Lipo 2004-2005,870 ± 80,1c,"Hunt and Lipo 2006, Table 1",870,80,
Beta-209904,’Anakena Dune Site,Residential,Carbonized nutshell,35,0-500,Hunt & Lipo 2004-2005,870 ± 40,1c,"Hunt and Lipo 2006, Table 1",870,40,
Ua-34183,Ahu Nau Nau I,Ceremonial,Bone - Rattus exulans,35,0-500,"Martinsson-Wallin et al., 2007",535 ± 35,2c,"Wallin et al., 2010",535,35,
Ua-34184,Ahu Nau Nau I,Ceremonial,Bone - Rattus exulans,35,0-500,"Martinsson-Wallin et al., 2007",640 ± 65,3a,"Wallin et al., 2010",640,65,
Ua-34185,Ahu Nau Nau I,Ceremonial,Wood charcoal - unidentified,35,0-500,"Martinsson-Wallin et al., 2007",610 ± 50,3a,"Wallin et al., 2010",610,50,
"Ua-34186
","’Anakena pre-Ahu Nau Nau I,
Trench C
",Residential,Bone - Rattus exulans,35,0-500,"Martinsson-Wallin et al., 2007",555 ± 35,2a,"Wallin et al., 2010",555,35,
Ua-34187,’Anakena pre-Ahu Nau Nau I,Residential,Wood charcoal - unidentified,35,0-500,"Martinsson-Wallin et al., 2007",915 ± 60,,"Wallin et al., 2010",915,60,
Ua-34188,"’Anakena pre-Ahu Nau Nau I,
Trench C",Residential,"Wood charcoal -
unidentiﬁed",35,0-500,"Martinsson-Wallin et al., 2007",665 ± 30,2a,"Wallin et al., 2010",665,30,
Ua-34189,"’Anakena settlement, Trench C",Residential,Carbonized nutshell,35,,,,,"Wallin et al., 2010",,,
Ua-34190,’Anakena settlement,Residential,"Wood charcoal -
unidentiﬁed",35,0-500,"Martinsson-Wallin et al., 2007",665 ± 35,2c,"Wallin et al., 2010",665,35,
Ua-34191,"’Anakena settlement, Trench C",Residential,Carbonized nutshell,35,0-500,"Martinsson-Wallin et al., 2007",565 ± 35,1c,"Wallin et al., 2010",565,35,
K-507,Statue Quarry,Ceremonial,Wood charcoal,RR,1000-1500,"Heyerdahl et al., 1956",480 ± 100,2c,Skjolsvold 1961:343; Martinsson-Wallin and Crockford 2002:253,480,100,
K-508,Statue 280,Ceremonial,Wood charcoal,RR,1000-1500,"Heyerdahl et al., 1956",110 ± 100,2b,Skjolsvold 1961:343; Martinsson-Wallin and Crockford 2002:253,110,100,
,,,,,,,,,,,,
,,,,,,,,,,,,
,,,,,,,,,,,,
,,,,,,,,,,,,
,,,,,,,,,,,,
